,NAME,CITY,STATE,ASSET_AMT,INCOME_AMT,REVENUE_AMT
14718,PRESIDENT AND FELLOWS OF HARVARD COLLEGE,CAMBRIDGE,MA,75287515000.0,85336627703.0,4458905923.0
172333,SELENA THOMAS JACKSON PROFIT ORGANIZATION,LYNN,MA,0.0,34032106849.0,32773720872.0
14728,MASSACHUSETTS INSTITUTE OF TECHNOLOGY,CAMBRIDGE,MA,22177032000.0,26350047000.0,3961420000.0
47426,FIDELITY INVESTMENTS CHARITABLE GIFT FUND,BOSTON,MA,16092079593.0,13118379466.0,4780943595.0
237668,PARTNERS HEALTHCARE SYSTEM INC,SOMERVILLE,MA,14983611002.0,11123194520.0,11117362273.0
18401,TUFTS ASSOCIATED HEALTH MAINTENANCE ORGANIZATION INC,WATERTOWN,MA,1126552016.0,2995230061.0,2516797916.0
14695,TRUSTEES OF BOSTON UNIVERSITY,BOSTON,MA,5188726734.0,2954168978.0,2203820636.0
239701,UMASS MEMORIAL HEALTH CARE INC,WORCESTER,MA,2290835371.0,2870065467.0,2577579491.0
20628,NEIGHBORHOOD HEALTH PLAN INC,SOMERVILLE,MA,465299895.0,2536658776.0,2178151856.0
21569,HARVARD MANAGEMENT PRIVATE EQUITY CORPORATION,BOSTON,MA,14395654920.0,2165371487.0,828979152.0
87069,CORNELL UNIVERSITY,ITHACA,NY,12369905113.0,14087558909.0,4369242548.0
77059,NEW YORK UNIVERSITY,NEW YORK,NY,11191514569.0,8490960796.0,6043438258.0
54885,NEW YORK STATE CATHOLIC HEALTH PLAN INC,REGO PARK,NY,2655764792.0,7206499264.0,6493574288.0
73536,NEW YORK AND PRESBYTERIAN HOSPITAL,NEW YORK,NY,8628299065.0,6628746137.0,4816088296.0
77230,TRUSTEES OF COLUMBIA UNIVERSITY IN THE CITY OF NEW YORK,NEW YORK,NY,16672598896.0,6284244530.0,4708225588.0
62795,FORD FOUNDATION,NEW YORK,NY,12114003861.0,5543446309.0,
63237,HEALTH INSURANCE PLAN OF GREATER NEW YORK,NEW YORK,NY,2019662603.0,5161648176.0,5161648176.0
71721,HEALTHFIRST PHSP INC,NEW YORK,NY,1392900428.0,5133153576.0,5133153576.0
239695,MEMORIAL SLOAN-KETTERING CANCER CENTER,NEW YORK,NY,9586730000.0,4317513766.0,3867024714.0
88330,UNIVERSITY OF ROCHESTER,ROCHESTER,NY,4969395345.0,4078720889.0,3231905703.0
220708,ATLANTIC HEALTH SYSTEM INC,MORRISTOWN,NJ,2614269128.0,2343557130.0,2343232119.0
3806,HACKENSACK MERIDIAN HEALTH INC,NEPTUNE,NJ,2659231724.0,1955749338.0,1865053653.0
135386,ROBERT WOOD JOHNSON FOUNDATION,PRINCETON,NJ,10339639751.0,1735273724.0,
111979,HACKENSACK UNIVERSITY MEDICAL CENTER,HACKENSACK,NJ,1797132792.0,1371599115.0,1366217804.0
110821,COOPER HEALTH SYSTEMS,CAMDEN,NJ,1024940284.0,1271471215.0,1130709033.0
111921,ROBERT WOOD JOHNSON UNIVERSITY HOSPITAL INC,NEW BRUNSWICK,NJ,1667595860.0,1269781908.0,1269781908.0
125728,ROCHE EMPLOYEE WELFARE BENEFITS TR,LITTLE FALLS,NJ,56563928.0,1253990575.0,397365070.0
110839,VIRTU-WEST JERSEY HEALTH SYSTEM INC,MARLTON,NJ,1846042041.0,880256224.0,805521996.0
237959,ATLANTICARE HEALTH SYSTEM INC,EGG HARBOR TOWNSHIP,NJ,1136752943.0,807256878.0,803178123.0
113051,DELTA DENTAL PLAN OF NEW JERSEY,PARSIPPANY,NJ,309611077.0,790442628.0,629270434.0
411,MAINE MEDICAL CENTER,PORTLAND,ME,1387896557.0,2655592714.0,1115561162.0
210,EASTERN MAINE HEALTHCARE SYSTEMS,BANGOR,ME,824218488.0,1578805700.0,1536490615.0
961,MARTINS POINT HEALTH CARE INC,PORTLAND,ME,336790419.0,683591678.0,653043924.0
226,MERCY HOSPITAL,PORTLAND,ME,186674401.0,534297987.0,534081260.0
173483,MAINEGENERAL HEALTH,AUGUSTA,ME,675946654.0,531128418.0,496577513.0
289,BOWDOIN COLLEGE,BRUNSWICK,ME,1831737000.0,500375000.0,225173000.0
206,CENTRAL MAINE MEDICAL CENTER,LEWISTON,ME,292216020.0,405547675.0,403943871.0
183691,MAINE COMMUNITY HEALTH OPTIONS,LEWISTON,ME,185589711.0,404022764.0,404022764.0
207,PRESIDENT & TRUSTEES OF COLBY COLLEGE,WATERVILLE,ME,1345920000.0,397523000.0,204202000.0
219,JACKSON LABORATORY,BAR HARBOR,ME,754989281.0,304550988.0,304318753.0
5878,MARY HITCHCOCK MEMORIAL HOSPITAL,LEBANON,NH,1312172799.0,1067191105.0,1052757540.0
6196,SOUTHERN NEW HAMPSHIRE UNIVERSITY,MANCHESTER,NH,549581871.0,641989489.0,581366224.0
5992,ELLIOT HOSPITAL OF THE CITY OF MANCHESTER,MANCHESTER,NH,415062492.0,507158027.0,435304100.0
5901,PHILLIPS EXETER ACADEMY,EXETER,NH,1508967364.0,487310046.0,192251642.0
120543,CONCORD HOSPITAL INC,CONCORD,NH,490430685.0,474695330.0,444574782.0
6319,CATHOLIC MEDICAL CENTER,MANCHESTER,NH,323864484.0,428947465.0,400578656.0
118773,DARTMOUTH-HITCHCOCK CLINIC,LEBANON,NH,254449524.0,422464782.0,421797040.0
5910,ST PAULS SCHOOL,CONCORD,NH,796184388.0,346197155.0,58454187.0
6189,DELTA DENTAL PLAN OF NEW HAMPSHIRE,CONCORD,NH,61776573.0,326501479.0,316496122.0
6091,WENTWORTH-DOUGLASS HOSPITAL,DOVER,NH,458061852.0,319025664.0,302954030.0
10751,UNIVERSITY OF VERMONT MEDICAL CENTER INC,BURLINGTON,VT,1261751278.0,1670544855.0,1138709373.0
10469,PRESIDENT & FELLOWS OF MIDDLEBURY COLLEGE,MIDDLEBURY,VT,1514900607.0,556929036.0,375173036.0
10545,RUTLAND HOSPITAL INC,RUTLAND,VT,237035867.0,356335591.0,281060581.0
119528,CENTRAL VERMONT MEDICAL CENTER INC,BARRE,VT,152894915.0,183113973.0,182832607.0
10488,NORWICH UNIVERSITY,NORTHFIELD,VT,426934125.0,164676994.0,146863976.0
119869,SOUTHWESTERN VERMONT MEDICAL CENTER INC,BENNINGTON,VT,74858694.0,153663249.0,151401083.0
10499,WORLD LEARNING INC,BRATTLEBORO,VT,76637746.0,149158866.0,146122851.0
10822,UNIVERSITY OF VERMONT MEDICAL GROUP,BURLINGTON,VT,0.0,142636102.0,142636102.0
10476,SAINT MICHAELS COLLEGE,COLCHESTER,VT,219400794.0,136867022.0,116100802.0
10758,CHAMPLAIN COLLEGE INC,BURLINGTON,VT,195140768.0,126900640.0,120527594.0
36380,YALE UNIVERSITY,NEW HAVEN,CT,34103002387.0,9643695507.0,4807997730.0
35921,KNIGHTS OF COLUMBUS,NEW HAVEN,CT,22224514537.0,4986680280.0,0.0
139291,COMMON FUND FOR NON-PROFIT ORGANIZATIONS,WILTON,CT,4293965146.0,4725430963.0,291029471.0
211083,GENERAL ELECTRIC COMPANY INSURANCE PLAN TRUST CO V A DIAMANTE,STAMFORD,CT,904698808.0,2875598897.0,2082329810.0
36244,YALE NEW HAVEN HOSPITAL,NEW HAVEN,CT,3121321423.0,2845683707.0,2558344913.0
36254,HARTFORD HOSPITAL,HARTFORD,CT,1486935171.0,1201491090.0,1200742869.0
38382,AMERICARES FOUNDATION INC,STAMFORD,CT,153730999.0,939270935.0,915733646.0
36318,ST FRANCIS HOSPITAL AND MEDICAL CENTER,HARTFORD,CT,817609157.0,771104951.0,737649622.0
36880,SAVE THE CHILDREN FEDERATION INC,FAIRFIELD,CT,278525160.0,735121249.0,641045550.0
36222,DANBURY HOSPITAL,DANBURY,CT,836823101.0,695533868.0,619835389.0
32796,BROWN UNIVERSITY OF PROVIDENCE,PROVIDENCE,RI,4975814069.0,3662821891.0,1105267335.0
29091,BANK OF AMERICA CHARITABLE GIFT FUND,PROVIDENCE,RI,1103311461.0,2160993788.0,382100006.0
32850,RHODE ISLAND HOSPITAL,PROVIDENCE,RI,1296043009.0,1737121470.0,1226116777.0
33744,WARREN ALPERT FOUNDATION,PROVIDENCE,RI,387693043.0,1537498025.0,
34169,NEIGHBORHOOD HEALTH PLAN OF RHODE ISLAND,SMITHFIELD,RI,369480153.0,1037610339.0,982171532.0
32829,THE MIRIAM HOSPITAL,PROVIDENCE,RI,459129062.0,602249744.0,451165350.0
33063,JOHNSON & WALES UNIVERSITY,PROVIDENCE,RI,982932991.0,600608053.0,484222722.0
211080,PLAN INTERNATIONAL INC,WARWICK,RI,236951674.0,594822276.0,594500243.0
32844,WOMEN & INFANTS HOSPITAL OF RHODE ISLAND,PROVIDENCE,RI,346057578.0,468862428.0,468213510.0
32851,RHODE ISLAND SCHOOL OF DESIGN,PROVIDENCE,RI,569276493.0,399568347.0,153649215.0
550859,UNIVERSITY HEALTH CARE INC,LOUISVILLE,KY,449705393.0,1784993656.0,1662277545.0
545810,NORTON HOSPITALS INC,LOUISVILLE,KY,1716731667.0,1731358832.0,1730077942.0
545003,ST ELIZABETH MEDICAL CENTER INC,EDGEWOOD,KY,1469096050.0,1421048588.0,1010815557.0
545088,EAST KENTUCKY POWER COOPERATIVE INC,WINCHESTER,KY,3718232806.0,904997767.0,904974625.0
546857,JEWISH HOSPITAL & ST MARYS HEALTHCARE INC,LOUISVILLE,KY,1658716641.0,842566888.0,838252293.0
550995,SAINT JOSEPH HEALTH SYSTEM INC,LEXINGTON,KY,827024025.0,788975972.0,788975972.0
550275,OWENSBORO HEALTH REGIONAL HOSPITAL,OWENSBORO,KY,1197529272.0,735710038.0,553167141.0
459667,APPALACHIAN REGIONAL HEALTHCARE INC,LEXINGTON,KY,642259141.0,678372612.0,670760324.0
550406,UNIVERSITY MEDICAL CENTER INC,LOUISVILLE,KY,517524055.0,615129385.0,615129385.0
546849,NORTON HEALTHCARE INC,LOUISVILLE,KY,1259945526.0,540980854.0,217648672.0
488395,OPTIMA HEALTH PLAN,NORFOLK,VA,356620564.0,3269079608.0,1334508380.0
485304,LIBERTY UNIVERSITY INC,LYNCHBURG,VA,2265165058.0,2678853150.0,1060105120.0
483458,CARILION MEDICAL CENTER,ROANOKE,VA,1185047389.0,2575891333.0,1216724331.0
483899,INOVA HEALTH CARE SERVICES,FALLS CHURCH,VA,4395162498.0,2427037628.0,2405092512.0
482880,NATURE CONSERVANCY,ARLINGTON,VA,6697479313.0,2244181951.0,914539673.0
490896,SENTARA HOSPITALS,NORFOLK,VA,1301157594.0,2198430694.0,2197189490.0
482545,GEORGE WASHINGTON UNIVERSITY,ASHBURN,VA,4153102406.0,1988122385.0,1441110729.0
461837,RAILROAD EMPLOYEES NATIONAL HEALTH AND WELFARE PLAN TRUST,ARLINGTON,VA,399050416.0,1704282652.0,1704282652.0
609836,RIVERSIDE HEALTHCARE ASSOCIATION INC,NEWPORT NEWS,VA,895801617.0,1524910204.0,1497618137.0
522306,UNIVERSITY OF VIRGINIA INVESTMENT MANAGEMENT COMPANY,CHARLOTTESVILLE,VA,7897613647.0,1465588415.0,274730987.0
544961,BAPTIST HEALTHCARE SYSTEM INC,NEW ALBANY,IN,2389242122.0,4938222112.0,1555129710.0
217547,UNIVERSITY OF NOTRE DAME DU LAC,NOTRE DAME,IN,13255648757.0,4440965572.0,1939878857.0
226801,INDIANA UNIVERSITY HEALTH INC,INDIANAPOLIS,IN,6419380634.0,3854883991.0,3214106912.0
219920,FRANCISCAN ALLIANCE INC,SOUTH BEND,IN,4441514992.0,2738657053.0,2731100296.0
234023,INDIANA UNIVERSITY FOUNDATION,BLOOMINGTON,IN,2601155584.0,2354975514.0,302588879.0
217603,ST VINCENT HOSPITAL & HEALTH CARE,INDIANAPOLIS,IN,1186963748.0,1228745442.0,1228522729.0
177213,COMMUNITY FOUNDATION OF NORTHWEST INDIANA INC,MUNSTER,IN,672622338.0,1207358404.0,109291700.0
218243,COMMUNITY HEALTH NETWORK INC,INDIANAPOLIS,IN,2362803528.0,1175840052.0,1111115282.0
362879,NATIONAL COLLEGIATE ATHLETIC ASSOCIATION,INDIANAPOLIS,IN,923841699.0,1105260587.0,970964517.0
226432,MDWISE INC,INDIANAPOLIS,IN,339854114.0,1074508111.0,1044972543.0
606180,UAW RETIREE MEDICAL BENEFITS TR,DETROIT,MI,58738424338.0,61567542925.0,3178795190.0
286872,BLUE CARE NETWORK OF MICHIGAN,SOUTHFIELD,MI,1968744163.0,4980601782.0,3351543535.0
281781,WILLIAM BEAUMONT HOSPITAL,SOUTHFIELD,MI,2925372374.0,3391782652.0,2551240199.0
281012,HENRY FORD HEALTH SYSTEM,DETROIT,MI,2048146134.0,2806854555.0,2686158659.0
285549,MICHIGAN CATASTROPHIC CLAIMS ASSOCIATION U S,LIVONIA,MI,18509374665.0,2789315056.0,1579242176.0
284431,TRINITY HEALTH-MICHIGAN,GRAND RAPIDS,MI,3202919008.0,2517199157.0,2481440397.0
290801,PRIORITY HEALTH,GRAND RAPIDS,MI,935637044.0,2380952902.0,2219948393.0
282892,DELTA DENTAL PLAN OF MICHIGAN,OKEMOS,MI,665952022.0,1943909979.0,1883264551.0
366772,THE RALPH C WILSON JR FOUNDATION,GROSSE PT FRM,MI,1109505376.0,1691646748.0,
285728,HEALTH ALLIANCE PLAN OF MICHIGAN,DETROIT,MI,575316532.0,1642332867.0,1608654798.0
543295,HOWARD HUGHES MEDICAL INSTITUTE,CHEVY CHASE,MD,21082502290.0,60901814102.0,1200320873.0
458850,JOHNS HOPKINS UNIVERSITY,BALTIMORE,MD,9228229000.0,8522677000.0,6046472000.0
482727,NATIONAL AUTOMATIC SPRINKLER INDUSTRY WELFARE FUND,LANDOVER,MD,510034808.0,3701291559.0,203010717.0
11049,CYSTIC FIBROSIS FOUNDATION,BETHESDA,MD,3803485303.0,2726701281.0,148459096.0
458814,THE JOHNS HOPKINS HOSPITAL,BALTIMORE,MD,3074521723.0,2457809449.0,2249588646.0
482318,FINANCIAL INDUSTRY REGULATORY AUTHORITY INC,ROCKVILLE,MD,2171652984.0,2252303600.0,703828205.0
466267,UNIVERSITY OF MARYLAND MEDICAL SYSTEM CORPORATION,BALTIMORE,MD,3793629356.0,1746037038.0,1490431289.0
464245,WASHINGTON HOSPITAL CENTER CORPORATION,COLUMBIA,MD,546120417.0,1213006491.0,1212938026.0
460425,AMERICAN POSTAL WORKERS UNION,GLEN BURNIE,MD,401439338.0,1169821524.0,1169821524.0
477756,MEDSTAR-GEORGETOWN MEDICAL CENTER INC,COLUMBIA,MD,495806106.0,1077536234.0,1077535415.0
617933,AARP,WASHINGTON,DC,2354580583.0,34151686394.0,1525138397.0
619050,GAVI ALLIANCE,WASHINGTON,DC,7150927815.0,5199497961.0,4372143740.0
482555,AMERICAN NATIONAL RED CROSS,WASHINGTON,DC,3235806694.0,3128439444.0,2618203252.0
482553,GEORGETOWN UNIVERSITY,WASHINGTON,DC,2991235580.0,1865881044.0,1472397544.0
460465,INTERNATIONAL BROTHERHOOD OF ELECTRICAL WORKERS,WASHINGTON,DC,1937954648.0,1845523538.0,152871901.0
482499,NATIONAL GEOGRAPHIC SOCIETY,WASHINGTON,DC,1695152141.0,1768660115.0,1073388436.0
482336,NATIONAL ASSOCIATION OF LETTER CARRIERS,WASHINGTON,DC,953655291.0,1678796521.0,1487911945.0
482656,SMITHSONIAN INSTITUTION OFFICE OF THE COMPTROLLER,WASHINGTON,DC,4712932038.0,1628330534.0,1449630382.0
19976,PATIENT ACCESS NETWORK FOUNDATION,WASHINGTON,DC,376824646.0,1526047162.0,577624682.0
482538,AMERICAN CHEMICAL SOCIETY,WASHINGTON,DC,1306055870.0,1354243639.0,562217806.0
46716,TRUSTEES OF THE UNIVERSITY OF PENNSYLVANIA,PHILADELPHIA,PA,17580872000.0,13313876653.0,6286195000.0
40233,UPMC,PITTSBURGH,PA,7660676964.0,12225238310.0,11695858422.0
59018,VANGUARD CHARITABLE ENDOWMENT PROGRAM,MALVERN,PA,5768821441.0,3677074812.0,1381769475.0
104013,UNIVERSITY OF PITTSBURGH,PITTSBURGH,PA,6229558895.0,3648951087.0,2330235794.0
111854,UNITED STATES STEEL CORPORATION REPRESENTED RETIREES BENEFIT TRUST,PITTSBURGH,PA,2151334404.0,3099519484.0,213282325.0
373923,HIGHMARK HEALTH,PITTSBURGH,PA,2499453772.0,2750658680.0,130490294.0
107667,UPMC,PITTSBURGH,PA,5998571768.0,2516363823.0,329686812.0
46883,TEMPLE UNIVERSITY-OF THE COMMONWEALTH SYSTEM OF HIGHER EDUC,PHILADELPHIA,PA,3092144000.0,2445127000.0,1579861000.0
104069,CARNEGIE MELLON UNIVERSITY,PITTSBURGH,PA,3905199493.0,2416249454.0,1428661731.0
521573,PEW CHARITABLE TRUSTS,PHILADELPHIA,PA,1223828489.0,2272418893.0,710716507.0
541556,PALMETTO HEALTH,COLUMBIA,SC,1768647660.0,1551848655.0,1538076319.0
526119,CENTRAL ELECTRIC POWER COOPERATIVE INC,COLUMBIA,SC,341849307.0,1220909103.0,1220889910.0
526408,MCLEOD REGIONAL MEDICAL CENTER OF THE PEE DEE INC,FLORENCE,SC,1487412300.0,1127543666.0,670310080.0
532068,ENDOWMENT FUND OF THE GREENVILLE HOSPITAL SYSTEM INC,GREENVILLE,SC,289959058.0,855585225.0,7800735.0
526355,ANMED HEALTH,ANDERSON,SC,849953722.0,625899222.0,623645371.0
542485,ST FRANCIS HOSPITAL INC,GREENVILLE,SC,530105745.0,570301040.0,570296500.0
12167,ST FRANCIS PHYSICIAN SERVICES INC,GREENVILLE,SC,36818909.0,494557680.0,494471486.0
533604,ADVANCED TECHNOLOGY INTERNATIONAL,SUMMERVILLE,SC,197633942.0,422819546.0,422819546.0
530306,ROPER HOSPITAL INC,LADSON,SC,389538295.0,417425713.0,416194687.0
526149,SISTERS OF CHARITY PROVIDENCE HOSPITALS,COLUMBIA,SC,178605147.0,291219249.0,280274519.0
614360,CLEVELAND CLINIC FOUNDATION,INDEPENDENCE,OH,12621778142.0,9383455891.0,7766891918.0
198735,THE CLEVELAND CLINIC FOUNDATION,INDEPENDENCE,OH,9069861870.0,6416366036.0,0.0
189361,OHIOHEALTH CORPORATION,COLUMBUS,OH,5017264779.0,5216082578.0,2643979320.0
189173,BATTELLE MEMORIAL INSTITUTE,COLUMBUS,OH,1125324072.0,4856416254.0,4774717370.0
170398,CHILDRENS HOSPITAL MEDICAL CENTER,CINCINNATI,OH,4017211699.0,4148684821.0,2299158195.0
177827,MERCY HEALTH,CINCINNATI,OH,7246103059.0,3878975503.0,3876101208.0
604306,UNIVERSITY HOSPITALS HEALTH SYSTEM INC,SHAKER HTS,OH,4320716000.0,3450060000.0,3449061000.0
200092,CASE WESTERN RESERVE UNIVERSITY,CLEVELAND,OH,2952128678.0,2786526578.0,1146956040.0
1152,NATIONWIDE CHILDRENS HOSPITAL,COLUMBUS,OH,3352825862.0,2492420642.0,1727058635.0
156664,UC HEALTHCARE SYSTEM,CINCINNATI,OH,1458111411.0,1555363014.0,1549418132.0
554066,AURORA HEALTH CARE INC,MILWAUKEE,WI,4951813752.0,4511407904.0,4473514886.0
308837,UNIVERSITY OF WISCONSIN FOUNDATION,MADISON,WI,3520794514.0,1605340209.0,221285357.0
315232,WEA INSURANCE CORPORATION,MADISON,WI,648939594.0,1456127987.0,572432209.0
325525,FROEDTERT MEMORIAL LUTHERAN HOSPITAL INC,MILWAUKEE,WI,830818384.0,1455766425.0,1455537553.0
308985,THE MEDICAL COLLEGE OF WISCONSIN INC,MILWAUKEE,WI,1984855763.0,1370649094.0,1052471372.0
308570,MARSHFIELD CLINIC INC,MARSHFIELD,WI,1036704692.0,1331404265.0,1211119189.0
315887,SECURITY HEALTH PLAN OF WISCONSIN INC,MARSHFIELD,WI,376832511.0,1200358817.0,1170164148.0
617553,UNITED STUDENT AID FUNDS INC,MADISON,WI,1353187938.0,1111986125.0,543873160.0
322616,FROEDTERT HEALTH INC,MILWAUKEE,WI,2070531301.0,1045652632.0,375667228.0
313911,AURORA HEALTH CARE INC,MILWAUKEE,WI,2120072281.0,999482378.0,988207723.0
374574,SANFORD,FARGO,ND,2666510312.0,3624376050.0,3621661130.0
363514,ALTRU HEALTH SYSTEM,GRAND FORKS,ND,480240011.0,550617513.0,522975652.0
362964,MINNKOTA POWER COOPERATIVE INC,GRAND FORKS,ND,1017654497.0,378425640.0,378425640.0
122438,INNOVIS HEALTH LLC,FARGO,ND,303736083.0,364879750.0,363725628.0
363079,ST ALEXIUS MEDICAL CENTER,BISMARCK,ND,299127589.0,326464057.0,323188022.0
196757,TRINITY HEALTH & AFFILIATES,MINOT,ND,256607242.0,322899929.0,320274641.0
363014,MOUNTRAIL-WILLIAMS ELECTRIC COOPERATIVE INC,WILLISTON,ND,521973541.0,220190478.0,219808632.0
363025,MCKENZIE ELECTRIC COOPERATIVE INC,WATFORD CITY,ND,334935220.0,175274909.0,175203434.0
363051,CENTRAL POWER ELECTRIC COOP INC,MINOT,ND,303450074.0,172494462.0,172494462.0
364268,MDU RESOURCES GROUP INC,BISMARCK,ND,6870557.0,130923253.0,66168569.0
507294,DUKE UNIVERSITY,DURHAM,NC,12594506113.0,14704239782.0,2786082190.0
507129,STATE CHARTERED CREDIT UNIONS INC,RALEIGH,NC,33825999547.0,12375861813.0,1205116084.0
518515,DUKE UNIVERSITY HEALTH SYSTEM INC,DURHAM,NC,4933202039.0,4702996158.0,3133177470.0
515123,GOTHIC CORPORATION,DURHAM,NC,6748527659.0,2092323923.0,2092323923.0
81232,BURROUGHS WELLCOME FUND,RTP,NC,765067658.0,1671977596.0,
507378,NORTH CAROLINA BAPTIST HOSPITAL,WINSTON SALEM,NC,1847321313.0,1489277455.0,1487683440.0
510954,NOVANT HEALTH INC,WINSTON SALEM,NC,3571425514.0,1435891283.0,766374591.0
523554,WAKEMED,RALEIGH,NC,1424443922.0,1375460460.0,1065229638.0
508439,FORSYTH MEMORIAL HOSPITAL INC,WINSTON SALEM,NC,1258857555.0,1247404988.0,1246823158.0
512574,REX HOSPITAL INC,RALEIGH,NC,929466692.0,1208349614.0,1064347767.0
238485,CENTRAL STATES SOUTHEAST & SOUTHWEST AREAS HEALTH & WELFARE F,ROSEMONT,IL,5623619230.0,80536821139.0,3203953559.0
238658,ADVOCATE HEALTH AND HOSPITALS CORPORATION,DOWNERS GROVE,IL,7308192927.0,5194235751.0,4183432761.0
261472,NORTHWESTERN MEMORIAL HEALTHCARE,CHICAGO,IL,9522248401.0,4766739215.0,4620705638.0
238598,NORTHWESTERN UNIVERSITY,EVANSTON,IL,13658756847.0,4648577548.0,2833160505.0
243964,CATHOLIC UNITED INVESTMENT TRUST,CHICAGO,IL,4546230503.0,4093021575.0,272144675.0
238794,UNIVERSITY OF CHICAGO,CHICAGO,IL,10820592775.0,3902358659.0,3244736644.0
238777,RUSH UNIVERSITY MEDICAL CENTER,CHICAGO,IL,2920106156.0,2662272005.0,1682859788.0
238704,ANN & ROBERT H LURIE CHILDRENS HOSPITAL OF CHICAGO,CHICAGO,IL,2289295420.0,2629852988.0,882828958.0
249961,FEEDING AMERICA,CHICAGO,IL,111828311.0,2481862117.0,2437618536.0
267903,OSF HEALTHCARE SYSTEM,PEORIA,IL,3078467872.0,2164280745.0,2161569344.0
308300,THRIVENT FINANCIAL FOR LUTHERANS,MINNEAPOLIS,MN,80110687476.0,26966251774.0,9680842150.0
331007,WORKERS COMPENSATION REINSURANCE ASSOCIATION,ST PAUL,MN,2363019737.0,10931957168.0,143769554.0
342507,MAYO CLINIC,ROCHESTER,MN,10051482383.0,6730672631.0,4716398592.0
244519,ALLINA HEALTH SYSTEM,MINNEAPOLIS,MN,4061560904.0,4479064238.0,3937422813.0
248686,UCARE MINNESOTA,MINNEAPOLIS,MN,1272748895.0,3966466793.0,3537547291.0
329411,FAIRVIEW HEALTH SERVICES,MINNEAPOLIS,MN,3394576929.0,3749405388.0,3747280284.0
344359,UNIVERSITY OF MINNESOTA FOUNDATION,MINNEAPOLIS,MN,2758433779.0,2849911628.0,273241140.0
329598,MEDICA HEALTH PLANS,MINNETONKA,MN,896765075.0,2108568644.0,1959862328.0
328985,MAYO CLINIC,ROCHESTER,MN,1952100204.0,2026979701.0,2021770805.0
197931,ANNE RAY CHARITABLE TRUST,EDEN PRAIRIE,MN,3661403620.0,1982027705.0,146625038.0
457800,UNIVERSITY OF DELAWARE,NEWARK,DE,3478423513.0,3043570176.0,1185495749.0
29847,SHELBY CULLOM DAVIS CHARITABLE FUND INC,WILMINGTON,DE,2649096409.0,2939640403.0,
450195,CHRISTIANA CARE HEALTH SERVICES INC,WILMINGTON,DE,2715366054.0,2021083643.0,1703364950.0
237442,FUND FOR POLICY REFORM,WILMINGTON,DE,2408705694.0,1405805512.0,1405399362.0
449991,BAYHEALTH MEDICAL CENTER INC,DOVER,DE,1072208667.0,849513903.0,591881464.0
522968,ASTRAZENECA PATIENT ASSISTANCE ORGANIZATION,WILMINGTON,DE,1.0,472306837.0,472306837.0
450031,BEEBE MEDICAL CENTER INC,LEWES,DE,347220841.0,419885046.0,373430527.0
38838,KENDEDA FUND,WILMINGTON,DE,169686935.0,315056937.0,
266221,SUNRISE FOUNDATION UNDER TR 01022014,WILMINGTON,DE,465930696.0,248795224.0,
31618,FIVE POINTE PROFESSIONAL LIABILITY INSURANCE COMPANY,WILMINGTON,DE,203380056.0,238637871.0,67747798.0
501933,CHARLESTON AREA MEDICAL CENTER INC,CHARLESTON,WV,984239646.0,1093603193.0,994396595.0
503003,WEST VIRGINIA UNIVERSITY HOSPITALS INC,MORGANTOWN,WV,1216425515.0,883559317.0,882811039.0
503341,CABELL HUNTINGTON HOSPITAL INC,HUNTINGTON,WV,537635453.0,562081230.0,528117009.0
501385,ST MARYS MEDICAL CENTER INC,HUNTINGTON,WV,358381128.0,407700817.0,378544431.0
505927,WEST VIRGINIA UNIV FOUNDATION INC,MORGANTOWN,WV,1447197010.0,394855018.0,105182142.0
501388,WHEELING HOSPITAL INC,WHEELING,WV,372977047.0,337549053.0,324319025.0
501930,UNITED HOSPITAL CENTER INC,BRIDGEPORT,WV,583541633.0,301940536.0,300709076.0
501843,WEST VIRGINIA UNIVERSITY MEDICAL CORPORATION,MORGANTOWN,WV,128189445.0,280981317.0,280981415.0
92206,MONONGALIA GENERAL HOSPITAL,MORGANTOWN,WV,321935436.0,271085814.0,271043033.0
183905,CAMDEN-CLARK MEMORIAL HOSPITAL CORPORATION,PARKERSBURG,WV,264673952.0,240849538.0,239122835.0
351373,PRAIRIE MEADOWS RACE TRACK & CASINO INC,ALTOONA,IA,112160757.0,2148316327.0,2148267236.0
346384,CATHOLIC HEALTH INITIATIVES-IOWA CORP,DES MOINES,IA,852911575.0,804319755.0,804319755.0
346385,CENTRAL IOWA HOSPITAL CORPORATION,DES MOINES,IA,961372028.0,803705385.0,756149241.0
347270,ACT INC,IOWA CITY,IA,542058962.0,762069474.0,357274515.0
346357,TRUSTEES OF GRINNELL COLLEGE,GRINNELL,IA,1945993437.0,743761543.0,151674423.0
181364,MERCY HEALTH SERVICES IOWA CORP,MASON CITY,IA,664736075.0,711498975.0,706222148.0
354474,GENESIS HEALTH SYSTEM,DAVENPORT,IA,830383136.0,709696039.0,509519239.0
348441,LIFESPACE COMMUNITIES INC,WDM,IA,801738215.0,506303089.0,243513709.0
346613,MERCY MEDICAL CENTER,CEDAR RAPIDS,IA,556796573.0,475370733.0,337525683.0
354347,IOWA PHYSICIANS CLINIC MEDICAL FOUNDATION,JOHNSTON,IA,151952559.0,414772318.0,411332046.0
363106,THE EVANGELICAL LUTHERAN GOOD SAMARITAN SOCIETY,SIOUX FALLS,SD,1646677636.0,1375796694.0,981741690.0
383826,AVERA MCKENNAN,SIOUX FAILS,SD,885040456.0,976015031.0,922701249.0
384265,RAPID CITY REGIONAL HOSPITAL INC,RAPID CITY,SD,924629930.0,622349990.0,618635501.0
245133,SANFORD HEALTH FOUNDATION,SIOUX FALLS,SD,767525247.0,570262061.0,55590276.0
383837,EAST RIVER ELECTRIC POWER COOPERATIVE INC,MADISON,SD,409459834.0,225570222.0,225566902.0
412782,SOUTH DAKOTA SCHOOL OF MINES AND TECHNOLOGY FOUNDATION,RAPID CITY,SD,83534696.0,205296566.0,180951142.0
383816,AVERA ST LUKES,ABERDEEN,SD,189823411.0,195394499.0,194593685.0
385638,AVERA HEALTH,SIOUX FALLS,SD,1317683771.0,192373825.0,191441200.0
384812,REGIONAL HEALTH NETWORK INC,RAPID CITY,SD,78958381.0,164619034.0,159025098.0
383839,SACRED HEART HEALTH SERVICES,YANKTON,SD,288972533.0,126031561.0,124512856.0
414016,WOODMEN OF THE WORLD LIFE INSURANCE SOCIETY,OMAHA,NE,10676069157.0,2457383092.0,1285739046.0
611854,THE NEBRASKA MEDICAL CENTER,OMAHA,NE,1215063449.0,1203947948.0,1195257142.0
250059,FATHER FLANAGANS FUND FOR NEEDY CHILDREN,BOYS TOWN,NE,862425147.0,967528345.0,27047455.0
414236,UNIVERSITY OF NEBRASKA FOUNDATION,LINCOLN,NE,2200721195.0,850078876.0,286474570.0
414725,ALEGENT HEALTH - BERGAN MERCY HEALTH SYSTEM,OMAHA,NE,1004128656.0,714054599.0,708827196.0
414161,BRYAN MEDICAL CENTER,LINCOLN,NE,881974992.0,608188069.0,592779498.0
417471,ALEGENT CREIGHTON HEALTH,OMAHA,NE,1049622124.0,582555467.0,576524711.0
414180,NEBRASKA METHODIST HOSPITAL,OMAHA,NE,736522708.0,581244618.0,568541635.0
414169,CREIGHTON UNIVERSITY,OMAHA,NE,1091075602.0,559629975.0,481733161.0
414182,FATHER FLANAGANS BOYS HOME,BOYS TOWN,NE,1320060670.0,460908893.0,291361642.0
400442,ADVENTIST HEALTH SYSTEM SUNBELT HEALTHCARE CORPORATION,ALTAMONTE SPG,FL,5764284034.0,15573309834.0,464044728.0
396446,ADVENTIST HEALTH SYSTEM SUNBELT INC,ALTAMONTE SPG,FL,6857582662.0,11369617856.0,3643873548.0
449791,BAPTIST HEALTH OF SOUTH FLORIDA INC,CORAL GABLES,FL,4118277638.0,4196815059.0,846431839.0
393600,UNIVERSITY OF MIAMI,CORAL GABLES,FL,3805344338.0,3638133257.0,3316774822.0
190344,SHRINERS HOSPITALS FOR CHILDREN,TAMPA,FL,8194679019.0,2603591763.0,584284042.0
397544,ORLANDO HEALTH INC,ORLANDO,FL,2605277393.0,2521335988.0,1879506857.0
411685,FLORIDA HEALTH SCIENCES CENTER INC,TAMPA,FL,1587193271.0,2058901840.0,1259481366.0
689191,VINIK FAMILY FOUNDATION,TAMPA,FL,189839362.0,1930464891.0,
359448,PGA TOUR INC,PONTE VEDRA,FL,2339229507.0,1863888051.0,1225727119.0
395356,UNIVERSITY COMMUNITY HOSPITAL INC,TAMPA,FL,890936683.0,1612583785.0,643562316.0
209294,WASHINGTON UNIVERSITY,ST LOUIS,MO,11081059000.0,6675944434.0,3185323683.0
540135,BJC HEALTH SYSTEM,SAINT LOUIS,MO,2908843634.0,4109423745.0,4106025478.0
227293,GOVERNMENT EMPLOYEES HEALTH ASSOCIATION INC,LEES SUMMIT,MO,1548721086.0,3756051080.0,3468642039.0
225764,EWING MARION KAUFFMAN FOUNDATION,KANSAS CITY,MO,1872259436.0,1731073727.0,
238944,ASCENSION HEALTH ALLIANCE,SAINT LOUIS,MO,8541521970.0,1477015134.0,1329806506.0
214458,SSM HEALTH CARE ST LOUIS,ST LOUIS,MO,941896771.0,1383127149.0,1381086365.0
209244,MERCY HOSPITALS EAST COMMUNITIES,SAINT LOUIS,MO,726925854.0,1363637803.0,1362001931.0
209305,ST LOUIS UNIVERSITY,SAINT LOUIS,MO,2091705672.0,1334069174.0,901181162.0
227571,CHILDRENS MERCY HOSPITAL,KANSAS CITY,MO,1420276296.0,1278184234.0,1277596538.0
227476,LESTER E COX MEDICAL CENTER,SPRINGFIELD,MO,1420537175.0,1243742703.0,1053603679.0
713625,THE BOARD OF TRUSTEES OF THE LELAND STANFORD JUNIOR UNIVERSITY,PALO ALTO,CA,37767407673.0,20339747706.0,6965956577.0
722080,SUTTER HEALTH,SACRAMENTO,CA,4433603374.0,12235175286.0,1274500314.0
713900,DIGNITY HEALTH,SAN FRANCISCO,CA,13884757255.0,11495630830.0,10193378790.0
714887,DELTA DENTAL OF CALIFORNIA,SAN FRANCISCO,CA,2048196764.0,5599147687.0,5588532117.0
737118,CREDIT UNIONS IN THE STATE OF CALIFORNIA,LOS ANGELES,CA,71416615972.0,4922582577.0,4922582577.0
739567,UNIVERSITY OF SOUTHERN CALIFORNIA,LOS ANGELES,CA,10268789127.0,4898049163.0,4895423051.0
739877,SCRIPPS HEALTH,LA JOLLA,CA,4463807760.0,4462181028.0,2943587980.0
45097,SILICON VALLEY COMMUNITY FOUNDATION,MOUNTAIN VIEW,CA,6304272612.0,4368085687.0,1555405527.0
737977,STANFORD HEALTH CARE,STANFORD,CA,5591584994.0,3705341644.0,3705341644.0
739662,CEDARS-SINAI MEDICAL CENTER,W HOLLYWOOD,CA,5392868107.0,3441521116.0,3319765238.0
216279,AT&T VEBA TRUST,DALLAS,TX,135293411.0,8945795703.0,3953321746.0
510199,AT&T UNION WELFARE BENEFIT TRUST,DALLAS,TX,4508176604.0,5959254026.0,528634011.0
496552,THE METHODIST HOSPITAL,HOUSTON,TX,6469567430.0,5410315677.0,1744185533.0
508860,TEXAS WORKERS COMPENSATION,AUSTIN,TX,6318486031.0,5295874376.0,1338360568.0
496433,MEMORIAL HERMANN HEALTH SYSTEM,HOUSTON,TX,6587145139.0,4348180908.0,4282066839.0
764916,BANKAMERICA GROUP BENEFITS PROGRAM TR,DALLAS,TX,445644435.0,2323602024.0,2323602024.0
496273,SETON HEALTHCARE,AUSTIN,TX,3131871173.0,2014671375.0,2003161469.0
521227,TEXAS CHRISTIAN UNIVERSITY,FORT WORTH,TX,2827557339.0,1942055163.0,674005201.0
498003,BAYLOR COLLEGE OF MEDICINE,HOUSTON,TX,2886913170.0,1903844135.0,1712283079.0
14601,AMERICAN BUREAU OF SHIPPING,HOUSTON,TX,1560827151.0,1900449265.0,675731372.0
627926,CATHOLIC HEALTH INITIATIVES COLORADO,CENTENNIAL,CO,1949183357.0,2000890339.0,2000196437.0
296510,CATHOLIC HEALTH INITIATIVES,ENGLEWOOD,CO,7858341860.0,1956935037.0,1955806773.0
633751,POUDRE VALLEY HEALTH CARE INC,FORT COLLINS,CO,3847835066.0,1273433310.0,545498626.0
628122,PORTERCARE ADVENTIST HEALTH SYSTEM,CENTENNIAL,CO,1501991388.0,1186330018.0,1185819124.0
627496,CHILDRENS HOSPITAL COLORADO,AURORA,CO,1348367934.0,1031199569.0,980104547.0
627890,COLORADO SEMINARY,DENVER,CO,1529645819.0,1023949727.0,584732635.0
190371,COMPASSION INTERNATIONAL INCORPORATED,COLORADO SPGS,CO,301690388.0,848068870.0,800169932.0
628209,ELEVATIONS CREDIT UNION,BOULDER,CO,1625576706.0,837347417.0,89638435.0
631891,SCL HEALTH - FRONT RANGE INC,BROOMFIELD,CO,795939679.0,778381962.0,775010500.0
628896,ROCKY MOUNTAIN HEALTH MAINTENANCE,GRAND JCT,CO,222417395.0,685592678.0,657024412.0
422809,VANDERBILT UNIVERSITY,NASHVILLE,TN,6342629407.0,9100252528.0,1325837534.0
186322,AMERICAN LEBANESE SYRIAN ASSOC CHAR INC,MEMPHIS,TN,3491046707.0,1947344632.0,1260437247.0
422832,METHODIST HEALTHCARE-MEMPHIS,MEMPHIS,TN,1002906833.0,1913635010.0,1913568462.0
423355,ST JUDE CHILDRENS RESEARCH HOSPITAL INC,MEMPHIS,TN,4292347585.0,1029329830.0,1027517864.0
520534,CHS COMMUNITY HEALTH SYSTEMS INC VEBA TRUST,FRANKLIN,TN,6024.0,971318158.0,971318158.0
165580,UNIVERSITY HEALTH SYSTEM INC,KNOXVILLE,TN,668752697.0,835574013.0,835435190.0
422787,MOUNTAIN STATES HEALTH ALLIANCE,JOHNSON CITY,TN,1547756754.0,737236154.0,736730061.0
422433,BAPTIST MEMORIAL HOSPITAL,MEMPHIS,TN,468065404.0,718750367.0,706338048.0
423860,DIALYSIS CLINIC INC,NASHVILLE,TN,652776917.0,649033076.0,647725309.0
423031,MEMORIAL HEALTH CARE SYSTEM INC,CHATTANOOGA,TN,757986144.0,647039099.0,647030849.0
468725,WAL-MART STORES INC ASSOCIATE HEALTH & WELFARE TRUST,BENTONVILLE,AR,593520408.0,3863299939.0,3863299939.0
13236,WALTON FAMILY FOUNDATION INC,BENTONVILLE,AR,2657142575.0,1461731576.0,
466966,BAPTIST HEALTH,LITTLE ROCK,AR,1055283692.0,1127517509.0,854327732.0
473881,UNIVERSITY OF ARKANSAS FOUNDATION INC,FAYETTEVILLE,AR,910629836.0,958400804.0,61768055.0
466967,ARKANSAS CHILDRENS HOSPITAL,LITTLE ROCK,AR,834291161.0,584284588.0,581903849.0
467601,CENTRAL ARKANSAS RADIATION THERAPY INSTITUTE INC,LITTLE ROCK,AR,217075192.0,565055704.0,531977583.0
296874,UNIVERSITY OF ARKANSAS FAYETTEVILLE CAMPUS FOUNDATION INC,FAYETTEVILLE,AR,486777148.0,515490578.0,420183.0
468554,DELTA DENTAL PLAN OF ARKANSAS INC,SHERWOOD,AR,146773969.0,464462411.0,442452369.0
466986,ST VINCENT INFIRMARY MEDICAL CENTER,LITTLE ROCK,AR,467634829.0,457357754.0,457357754.0
467008,MERCY HOSPITAL FORT SMITH,FORT SMITH,AR,269239914.0,302562950.0,300120404.0
196479,BOILERMAKERS NATIONAL HEALTH & WELFARE FUND,KANSAS CITY,KS,923282168.0,1642049652.0,291867494.0
343396,SHAWNEE MISSION MEDICAL CENTER INC,SHAWNEE MSN,KS,648798865.0,1333258925.0,430041874.0
227919,SUNDERLAND FOUNDATION,OVERLAND PARK,KS,823643023.0,737195687.0,
342902,STORMONT-VAIL HEALTHCARE INC,TOPEKA,KS,664265931.0,652856551.0,591519160.0
348517,VIA CHRISTI HOSPITALS WICHITA INC,WICHITA,KS,401871509.0,578479741.0,574822013.0
342958,KANSAS UNIVERSITY ENDOWMENT ASSOC,LAWRENCE,KS,1799843513.0,489850039.0,215938185.0
239330,COOPORTUNITY HEALTH,LAWRENCE,KS,89919916.0,328111283.0,293072497.0
348421,KANSAS UNIVERSITY PHYSICIANS INC,KANSAS CITY,KS,109265742.0,317698607.0,317698607.0
344032,DELTA DENTAL PLAN OF KANSAS INC,WICHITA,KS,67657881.0,297858148.0,287698348.0
343160,OLATHE MEDICAL CENTER INC,OLATHE,KS,671344891.0,294269311.0,265491186.0
370404,EMORY UNIVERSITY,ATLANTA,GA,11894060482.0,3526214349.0,3525925969.0
36849,GLOBAL HEALTH SOLUTIONS INC,DECATUR,GA,0.0,3126468204.0,3126468204.0
381971,NORTHSIDE HOSPITAL INC,ATLANTA,GA,1880045994.0,2571991440.0,2571857701.0
669541,EMORY,ATLANTA,GA,480485598.0,1657127319.0,1657127319.0
669413,CHILDRENS HEALTHCARE OF ATLANTA INC,BROOKHAVEN,GA,3391919220.0,1571080500.0,1471934255.0
374586,NATIONAL CHRISTIAN CHARITABLE FOUNDATION INC,ALPHARETTA,GA,1698831596.0,1373975394.0,1161740793.0
102468,GRADY MEMORIAL HOSPITAL CORPORATION,ATLANTA,GA,700367308.0,1230398225.0,1230398225.0
12987,AMERICAN CANCER SOCIETY INC,ATLANTA,GA,1736232349.0,1099764448.0,824703280.0
383534,KENNESTONE HOSPITAL INC,MARIETTA,GA,649309073.0,1043666312.0,1043666312.0
370382,PIEDMONT HOSPITAL INCORPORATED,ATLANTA,GA,994983966.0,964838832.0,942447791.0
433999,SOUTHEASTERN CONFERENCE,BIRMINGHAM,AL,83892275.0,1922530941.0,639006908.0
433819,BAPTIST HEALTH SYSTEM INC,BIRMINGHAM,AL,436912197.0,752161335.0,527671606.0
433800,CHILDRENS HOSPITAL OF ALABAMA,BIRMINGHAM,AL,767122583.0,676311048.0,670987409.0
434643,UNIVERSITY OF ALABAMA HEALTH SERVICES FOUNDATION PC,BIRMINGHAM,AL,827299090.0,651704328.0,561210893.0
433670,POWERSOUTH ENERGY COOPERATIVE,ANDALUSIA,AL,1845739925.0,628861513.0,628861513.0
437648,NAVIGATE AFFORDABLE HOUSING PARTNERS INC,BIRMINGHAM,AL,11729805.0,539911564.0,539911564.0
433746,MOBILE INFIRMARY ASSOCIATION,MOBILE,AL,517744673.0,491279446.0,436509914.0
433750,ST VINCENTS BIRMINGHAM,BIRMINGHAM,AL,307596875.0,411057338.0,410287393.0
412494,CHRIS-TEX INC,LILLIAN,AL,1143025408.0,390107865.0,390107865.0
440062,THE COMMUNITY FOUNDATION OF GREATER BIRMINGHAM,BIRMINGHAM,AL,247388698.0,332039405.0,88082753.0
228022,BANNER HEALTH,PHOENIX,AZ,9499405153.0,14525555704.0,5873490598.0
648135,SOUTHWEST CATHOLIC HEALTH NETWORK CORPORATION,PHOENIX,AZ,488449107.0,2258762051.0,2187110142.0
646150,SCOTTSDALE HEALTHCARE HOSPITALS,SCOTTSDALE,AZ,1447432360.0,1558706225.0,1557542683.0
263963,MERCY MARICOPA INTEGRATED CARE,PHOENIX,AZ,261009953.0,1162525306.0,1162525306.0
654889,ARIZONA STATE UNIVERSITY FOUNDATION FOR A NEW AMERICAN UNIVERSITY,TEMPE,AZ,999330703.0,1027079524.0,128297930.0
647368,PHOENIX CHILDRENS HOSPITAL,PHOENIX,AZ,1281905997.0,947940363.0,791731657.0
645893,BLOOD SYSTEMS INC,SCOTTSDALE,AZ,382520351.0,772736486.0,639900462.0
654932,TEAMSTERS WESTERN REGION AND NEW JERSEY HEALTH CARE FUND,PHOENIX,AZ,739679181.0,690886445.0,561456561.0
501546,SHELL MEDICAL PLAN,PHOENIX,AZ,52549065.0,571185918.0,571185918.0
647616,ASCENSION ARIZONA,TUCSON,AZ,396233665.0,540091556.0,537694109.0
723005,IHC HEALTH SERVICES INC,SALT LAKE CTY,UT,8597806340.0,13935686919.0,5356390727.0
656294,SELECTHEALTH INC,MURRAY,UT,945086428.0,2998739028.0,2219118944.0
635237,WESTERN GOVERNORS UNIVERSITY,SALT LAKE CTY,UT,257675630.0,505639060.0,451839475.0
656862,DESERET HEALTHCARE EMPLOYEE BENEFITS TRUST,SALT LAKE CTY,UT,348063253.0,435629747.0,353089999.0
50829,CENTER FOR EXCELLENCE IN HIGHEREDUCATION INC,SALT LAKE CTY,UT,258400744.0,191628424.0,191628424.0
656389,UNION PACIFIC RAILROAD EMPLOYES HEALTH SYSTEMS,SALT LAKE CTY,UT,95266825.0,172101535.0,172085711.0
629459,EIGHTH DISTRICT ELECTRICAL BENEFIT,SALT LAKE CTY,UT,81506070.0,166274845.0,69508101.0
237992,ARCHES MUTUAL INSURANCE COMPANY,SALT LAKE CTY,UT,49083341.0,146380104.0,146380104.0
301437,CHALLENGER SCHOOL FOUNDATION,SANDY,UT,313016982.0,115649236.0,110781325.0
658293,THE RAY AND TYE NOORDA FOUNDATION,LINDON,UT,243584165.0,102551176.0,
685426,BILL & MELINDA GATES FOUNDATION TRUST,SEATTLE,WA,39566720264.0,66700933175.0,
356310,PROVIDENCE HEALTH & SERVICES WASHINGTON,RENTON,WA,13253167313.0,6999107263.0,5953431215.0
368284,BILL & MELINDA GATES FOUNDATION,SEATTLE,WA,40412918228.0,4781747026.0,
356311,PROVIDENCE HEALTH & SERVICES OREGON,SEATTLE,WA,3077440440.0,3669681859.0,3030963951.0
674893,SEATTLE CHILDRENS HOSPITAL,SEATTLE,WA,2589145957.0,3577501100.0,1310472867.0
674782,KAISER FOUNDATION HEALTH PLAN OF WASHINGTON,RENTON,WA,1877474544.0,3518551660.0,3027840937.0
674632,SWEDISH HEALTH SERVICES,SEATTLE,WA,4830938057.0,3189675614.0,2229239192.0
676877,PEACEHEALTH,VANCOUVER,WA,3550318063.0,2825975761.0,2492720447.0
356312,PROVIDENCE HEALTH SYSTEM-SOUTHERN CALIFORNIA,SEATTLE,WA,7527702061.0,2270861535.0,2114330948.0
681932,MULTICARE HEALTH SYSTEMS,TACOMA,WA,3396517115.0,1996326665.0,1967549896.0
485429,SAINT FRANCIS HOSPITAL INC,TULSA,OK,2292005452.0,4015809180.0,987844146.0
485194,WILLIAM K WARREN FOUNDATION,TULSA,OK,300450077.0,3789581542.0,
486397,INTEGRIS BAPTIST MEDICAL CENTER INC,OKLAHOMA CITY,OK,1307099737.0,761979326.0,761793455.0
485056,ST JOHN MEDICAL CENTER INC,TULSA,OK,477898598.0,587162440.0,587162440.0
494416,UNIVERSITY OF OKLAHOMA FOUNDATION INC,NORMAN,OK,1600089423.0,498594009.0,170325961.0
495212,J A & LETA M CHAPMAN CHARITABLE TR,TULSA,OK,900581198.0,494127025.0,64929999.0
485055,MERCY HOSPITAL OKLAHOMA CITY INC,OKLAHOMA CITY,OK,244654068.0,487657814.0,486735655.0
495073,FEED THE CHILDREN INC,OKLAHOMA CITY,OK,155339605.0,469223370.0,467935622.0
488975,CHARLES AND LYNN SCHUSTERMAN FAMILY FOUNDATION,TULSA,OK,2231737835.0,464394673.0,
485183,NOBLE RESEARCH INSTITUTE LLC,ARDMORE,OK,1053595484.0,450028981.0,
765287,TRUSTEES OF THE ESTATE OF BERNICE PAUAHI BISHOP,HONOLULU,HI,8556638692.0,4804071780.0,465246043.0
765313,QUEENS MEDICAL CENTER,HONOLULU,HI,1559687478.0,1502698257.0,1077513249.0
202061,HAWAII PACIFIC HEALTH GROUP RETURN,HONOLULU,HI,920581653.0,1246982593.0,1160947171.0
766777,HAWAII COMMUNITY FOUNDATION,HONOLULU,HI,506157846.0,386188076.0,99096490.0
765303,IOLANI SCHOOL,HONOLULU,HI,266267476.0,357064959.0,83158603.0
768654,AFL HOTEL & RESTAURANT WORKERS HEALTH & WELFARE TRUST FUND,HONOLULU,HI,107986770.0,292584247.0,100563220.0
767476,ALOHACARE,HONOLULU,HI,114680263.0,273635826.0,273635826.0
765509,HAWAII DENTAL SERVICE,HONOLULU,HI,207714620.0,262932571.0,217359920.0
765941,QUEEN EMMA LAND COMPANY,HONOLULU,HI,520248340.0,254677611.0,67248338.0
766611,HAWAII PACIFIC HEALTH,HONOLULU,HI,539701179.0,240787637.0,159517128.0
475052,OCHSNER CLINIC FOUNDATION,NEW ORLEANS,LA,2179873516.0,6727590283.0,6627941524.0
474842,THE ADMINISTRATORS OF THE TULANE EDUCATIONAL FUND,NEW ORLEANS,LA,2337930000.0,1254722000.0,1075519000.0
474837,OUR LADY OF THE LAKE REGIONAL MEDICAL CENTER,BATON ROUGE,LA,1628567652.0,1188313095.0,1163711903.0
474756,WILLIS-KNIGHTON MEDICAL CENTER,SHREVEPORT,LA,1273828819.0,1112722802.0,1110070991.0
45583,OCHSNER COMMUNITY HOSPITALS,NEW ORLEANS,LA,142381406.0,627379513.0,626168006.0
377894,BIOMEDICAL RESEARCH FOUNDATION OF NORTHWEST LOUISIANA,SHREVEPORT,LA,382209333.0,564987832.0,564987832.0
475124,LAFAYETTE GENERAL MEDICAL CENTER INC,LAFAYETTE,LA,397218835.0,535321814.0,535321814.0
475596,EAST JEFFERSON GENERAL HOSPITAL,METAIRIE,LA,455241532.0,524282215.0,348160924.0
475472,WOMANS HOSPITAL FOUNDATION,BATON ROUGE,LA,823377242.0,514901138.0,509387644.0
474949,CHILDRENS HOSPITAL INC,NEW ORLEANS,LA,1316110175.0,507405356.0,354301570.0
660797,RENOWN REGIONAL MEDICAL CENTER,RENO,NV,756079976.0,729969394.0,719033505.0
727421,WILLIAM N PENNINGTON FOUNDATION,RENO,NV,568377591.0,403227045.0,
660903,HOMETOWN HEALTH PLAN INC,RENO,NV,90082632.0,368163175.0,352592809.0
662509,CARSON TAHOE REGIONAL HEALTHCARE,CARSON CITY,NV,337343725.0,327507636.0,271412470.0
573408,ENGELSTAD FAM FOUNDATION,LAS VEGAS,NV,807371076.0,269173431.0,
660908,RENOWN TRANSITIONAL CARE SERVICES,RENO,NV,510163053.0,251193940.0,17229756.0
722105,UNIVERSITY OF NEVADA LAS VEGAS FOUNDATION,LAS VEGAS,NV,333247980.0,223232770.0,52047225.0
660718,TEACHERS HEALTH TRUST,LAS VEGAS,NV,81895072.0,163796999.0,163796999.0
661179,OPPORTUNITY VILLAGE FOUNDATION,LAS VEGAS,NV,126064650.0,147627865.0,14401413.0
725108,RENOWN HEALTH,RENO,NV,418411716.0,131878832.0,130036568.0
443892,NORTH MISSISSIPPI MEDICAL CENTER INC,TUPELO,MS,1022729845.0,1268450437.0,756448259.0
442662,COOPERATIVE ENERGY A MISSISSIPPI ELECTRIC COOPERATIVE,HATTIESBURG,MS,1683944014.0,822059999.0,822059999.0
442455,ST DOMINIC-JACKSON MEMORIAL HOSPITAL,JACKSON,MS,350738384.0,478333234.0,478281438.0
446433,MISSISSIPPI BAPTIST MEDICAL CENTER,JACKSON,MS,66286916.0,427856264.0,426574686.0
445285,BAPTIST MEMORIAL HOSPITAL-NORTH MISSISSIPPI INC,OXFORD,MS,464023942.0,378710972.0,242960926.0
444178,BAPTIST MEMORIAL HOSPITAL-DESOTO INC,SOUTHAVEN,MS,226619700.0,335648569.0,326840717.0
74411,UNIVERSITY OF MISSISSIPPI FOUNDATION,OXFORD,MS,468239840.0,250498316.0,68054896.0
442389,SOUTHERN PINE ELECTRIC POWER ASSOCIATION,TAYLORSVILLE,MS,439954984.0,223217011.0,223217011.0
442349,COAST ELECTRIC POWER ASSN,BAY ST LOUIS,MS,343810209.0,209020054.0,208972858.0
442649,ANDERSON REGIONAL MEDICAL CENTER,MERIDIAN,MS,225572945.0,200237810.0,195996892.0
614531,ST LUKES REGIONAL MEDICAL CENTER,BOISE,ID,1532296537.0,2632071672.0,1293942797.0
614587,SAINT ALPHONSUS REGIONAL MEDICAL CENTER INC,BOISE,ID,744556786.0,633502227.0,627458344.0
367894,ST LUKES MAGIC VALLEY REGIONAL MEDICAL CENTER LTD,TWIN FALLS,ID,296333994.0,381235533.0,381145879.0
367893,ST LUKES HEALTH SYSTEM LTD,BOISE,ID,377047700.0,283118343.0,283107649.0
63156,UNIVERSITY OF IDAHO FOUNDATION INC,MOSCOW,ID,293369381.0,252912016.0,34922375.0
623552,BOISE STATE UNIVERSITY FOUNDATION INC,BOISE,ID,194545462.0,210021317.0,47175106.0
623595,J A & KATHRYN ALBERTSON FOUNDATION INC,BOISE,ID,565771638.0,190863467.0,
614623,ST JOSEPH REGIONAL MEDICAL CENTER,LEWISTON,ID,151399019.0,156932491.0,156615124.0
614865,MOUNTAIN STATES TUMOR INSTITUTE INC,BOISE,ID,169604550.0,141952419.0,141952419.0
614588,SAINT ALPHONSUS MEDICAL CENTER NAMPA INC,NAMPA,ID,191522550.0,131248353.0,129237199.0
698207,SOUTHCENTRAL FOUNDATION,ANCHORAGE,AK,535598011.0,610155901.0,309477009.0
699623,ALASKA NATIVE TRIBAL HEALTH CONSORTIUM,ANCHORAGE,AK,602347259.0,602769044.0,511869167.0
698072,CENTRAL PENINSULA GENERAL HOSPITAL INC,SOLDOTNA,AK,230377060.0,312430431.0,311745897.0
697671,TANANA CHIEFS CONFERENCE,FAIRBANKS,AK,202185467.0,300316264.0,183471027.0
697522,GOLDEN VALLEY ELECTRIC ASSN INC,FAIRBANKS,AK,718455482.0,235563687.0,229509655.0
697678,YUKON-KUSKOKWIM HEALTH CORPORATION,BETHEL,AK,251481355.0,218875270.0,188681367.0
697518,CHUGACH ELECTRIC ASSOCIATION INC,ANCHORAGE,AK,835349682.0,198274937.0,198196701.0
697703,BRISTOL BAY AREA HEALTH CORPORATION,DILLINGHAM,AK,142923709.0,196618535.0,67400007.0
697491,MATANUSKA ELECTRIC ASSOCIATION INC,PALMER,AK,646025251.0,145455092.0,145455092.0
697302,RASMUSON FOUNDATION,ANCHORAGE,AK,651725084.0,125360242.0,
641008,PRESBYTERIAN HEALTHCARE SERVICES,ALBUQUERQUE,NM,2721390209.0,1806902211.0,1570044340.0
641013,ST VINCENT HOSPITAL,SANTA FE,NM,322826936.0,410066356.0,410066356.0
641112,SAN JUAN REGIONAL MEDICAL CENTER INC,FARMINGTON,NM,372716270.0,345559645.0,322054261.0
641154,OTERO COUNTY HOSPITAL ASSOCIATION,ALAMOGORDO,NM,153340242.0,135436338.0,135171791.0
641256,NEW MEXICO STATE UNIVERSITY FOUNDATION INC,LAS CRUCES,NM,179345497.0,121920225.0,22306529.0
641475,DELTA DENTAL PLAN OF NEW MEXICO INC,ALBUQUERQUE,NM,44153721.0,112887374.0,104241014.0
641360,PRESBYTERIAN MEDICAL SERVICES,SANTA FE,NM,58036623.0,97837824.0,96763627.0
230168,NEW MEXICO HEALTH CONNECTIONS,ALBUQUERQUE,NM,61014683.0,96698663.0,96698663.0
512694,ARTESIA GENERAL HOSPITAL,ARTESIA,NM,61510540.0,93706750.0,93604762.0
640980,LEA COUNTY ELECTRIC COOPERATIVE INC,LOVINGTON,NM,196124466.0,86680992.0,86251944.0
573697,BILLINGS CLINIC,BILLINGS,MT,711015080.0,1291926031.0,665026036.0
573713,BENEFIS HOSPITALS INC,GREAT FALLS,MT,405994504.0,869353074.0,865830197.0
573880,UPPER MISSOURI G & T ELECTRIC COOPERATIVE INC,SIDNEY,MT,174349590.0,489943036.0,486536786.0
573714,ST VINCENT HEALTHCARE,BILLINGS,MT,589444683.0,442640642.0,441802432.0
191979,DENNIS R WASHINGTON FOUNDATION INC,MISSOULA,MT,656585070.0,392586750.0,
73771,KALISPELL REGIONAL MEDICAL CENTER INC,KALISPELL,MT,299130349.0,330527673.0,323391888.0
573724,ST PETERS COMMUNITY HOSPITAL,HELENA,MT,298572660.0,270762341.0,209514885.0
573712,BOZEMAN DEACONESS HEALTH SERVICES,BOZEMAN,MT,404683357.0,250686170.0,249141238.0
230175,MONTANA HEALTH COOPERATIVE,HELENA,MT,67617542.0,221274357.0,163832660.0
47806,LOR FOUNDATION INC,BOZEMAN,MT,330407520.0,152588118.0,
714460,KAISER FOUNDATION HEALTH PLAN INC,PORTLAND,OR,19173143251.0,72548858541.0,48466380486.0
713502,KAISER FOUNDATION HOSPITALS,PORTLAND,OR,43991189809.0,34612956981.0,22589160782.0
628741,KAISER FOUNDATION HEALTH PLAN OF COLORADO,PORTLAND,OR,1776067897.0,4124961504.0,3566621530.0
703555,KAISER FOUNDATION HEALTH PLAN OF THE NORTHWEST,PORTLAND,OR,1562415738.0,4124009508.0,3544672148.0
359442,KAISER FOUNDATION HEALTH PLAN OF THE MID ATLANTIC STATES INC,PORTLAND,OR,1354374378.0,3231204122.0,3080885746.0
704520,PROVIDENCE HEALTH PLAN,PORTLAND,OR,768004114.0,2802671760.0,1288597166.0
376437,THE SOUTHEAST PERMANENTE MEDICAL GROUP INC,PORTLAND,OR,557742348.0,1446288058.0,1390920516.0
250206,HEALTH SHARE OF OREGON,PORTLAND,OR,70628828.0,1263620752.0,1263620752.0
700500,ASANTE,MEDFORD,OR,980560303.0,1165750585.0,664365270.0
705544,CAREOREGON INC,PORTLAND,OR,425539455.0,971484613.0,941933554.0
624723,WYOMING MEDICAL CENTER INC,CASPER,WY,304023989.0,302091211.0,257837766.0
623906,POWDER RIVER ENERGY CORPORATION,SUNDANCE,WY,400906531.0,189658582.0,189599004.0
350155,MALONE FAMILY LAND PRESERVATION FOUNDATION,ENCAMPMENT,WY,106173097.0,112417562.0,
624038,UNIVERSITY OF WYOMING FOUNDATION,LARAMIE,WY,612253729.0,112387816.0,62718498.0
504430,WYOMING EDUCATORS BENEFIT TRUST,CHEYENNE,WY,54499447.0,103897995.0,99762361.0
624632,NEWELL B SARGENT FOUNDATION,CASPER,WY,16351277.0,88029885.0,
635607,HIGH PLAINS POWER INC,RIVERTON,WY,144307988.0,77577312.0,77577312.0
625149,COMMUNITY FOUNDATION OF JACKSON HOLE,JACKSON,WY,52325958.0,63259503.0,26205647.0
623859,LOWER VALLEY POWER & LIGHT INC,AFTON,WY,279112830.0,55633338.0,55633338.0
624680,SARGENT FOUNDATION FOR EPISCOPAL MINISTRIES,CASPER,WY,6613122.0,55067787.0,387594.0
